1,TWiWt5SEDzaEqS6kE5gandWMNfxR2B5xzg
2,TEydVQ17YRqnyJFnq29iBBh9rjUFexBz5i
3,TKX5N6pXPf1ALx252DpzjTtcJ3KU38sVti
4,TB5pdW9ZRH7HQ4QHoVf6bXkBkXmzmDgAS1
5,TWWW3Vfwi7JVuuzZA63RAH4gpVq9EkpGmN
6,TRS6PNzDJ2ozNjDHJTUZ8iHTXTTbnJKbFo
7,TBtfW2MSqkBhGoi8o5Q3kDkDnq2eGCxWoy
8,TNquNA1jDZYRetG6xiCBdCtxF7e1GNtJEL
9,TDA6QtFAMqTT2qH8GcDERXeprTcaRAQmAD
10,TLfxnro6NcTcDakGo8Ka4acK7Af6evJimE
11,TQtzP9n5sT2EsW4TrWyVyvxd1g9JGqxUsm
12,TEDUvYGfuxC1jnPtW7gRavQbsk6Z2QgDzP
13,TJCT4patUUunwqJkBusWzG6xdfWCcaQ9YN
14,TXStuWCx1rX7Kw61CGjQaGyz9DjQEoLHNA
15,TPu2anzdQwyX6karyramGnQBoMwdpJSvXH
16,TJUpJ6DEQKuv23JvttbS7Jwgws32HLDo5c
17,TBDgcVnkPDHMZCVkanTh7WBXb1Xn5sBWuM
18,TCbSGbskrSEhg2RAnyV2cNpCGPEUSm19mi
19,TUabn58EhngyCYRPpmJ16JJcWrr4z8TYtt
20,TRakYTPFpC9GPnEF2w5nnQDviRSFHz37ma
21,TAff8nzfnQdEwijAHK2ag2AjoZ3iqxfJTN
22,TVNMevy1GHLxyfdhhQitomAkkvhwrYiEcg
23,TFN1LVv8U11JrN7yKgfxE3FnYEutqNRUe2
24,TBiixmNT4X3ttFv2gxLArSGexbaNiFAzRm
25,TKTmAjfUcvGkiba19zAYDJhzgK5EuiUe7v
26,TTpzReg3Jmh9KswodGSwQnojZKteG9MEtA
27,TD1w4p77AUS8v9gPe3Rroz7yRbD1jStDem
28,TAsmUHZDm8MuTT5ukxSSySPdHQBcfp9tqp
29,TFs6xM6UtzU6ey9dwVopdgnyyJeyuWy3gU
30,THQ6xa93VcL7CRoHvDVW7VoCxxrYT2pHsi
31,TJ8kNJ2UUd3MEPgeFipHPC1x8kETtE1hZK
32,TBBYnq6LxdGNTxPYGgrAvyXD4ktrUCNFPH
33,TYvuqxkFpdgSuEpJEPSo57XQoXAhA8mYCP
34,TGgKQJtdokn9PscP7RTTByjffdWAcn1Am4
35,TRA7vZqzFxycHjYrrjbjh5iTaywSmDefSV
36,THvaU5uh629qd2x9qE44sfud4EjFzpAGbL
37,TRzQrUrFVppFiHYZTS8xXMd8K7Hhj8fLwH
38,TLCprVsfGRF8RytrUuJxLLA9hdN7PRZ9hr
39,TGNdjJGUr4s84AJHN5PFQLTBH3jf7iEEpL
40,TRerc7RP8xaJwxqRFihSFJc854ggUat9Ju
41,TC4TcLh43x6AxHNGapw2ccX8K5t9CJKTmM
42,TC3sKvjfHqbxiNjAmqY7P8br5LmvqyWzfT
43,TCZQW2qGvvmvm8Y34n5pGQEzWxLy3hYEwm
44,TR3u2qhVRicsrRsPAgS4m6aVUxx9j4uw9Z
45,TXbPEesfPJk7FjApaN6QJEQao7Ktc7yEtu
46,TNwd69gutsbiaT2KEvtuftKPww94awcQK2
47,TAiaxvtVgc4XxbuJWztHyy18AbnAmaAeSA
48,TFDQUHVwTqmUyKAe3RXyifCMe8FSMBR2jw
49,TN4fJGCqurpmoWS4d6BXDiqZxGPvhacmVR
50,TAq93S7x4imRRvDVgYQm1AyLDtKTs1b6rz
51,TYQtehpJpecoBbzkcqaqgEMRu7Xiz5ed5e
52,TXCryVVx6hfyTAvq7swoa8A2zfCqzemXmE
53,TMDxYwiDap23czyGNcMNHLt1rj8Ukvt2jz
54,TM6JMM3YN5snSdFuBNnAmp3mGuXNwP6H9y
55,TWwYgDCB7o9c6XLKFxnvo6taNMFsBupxVj
56,TQF8Ce6NVBALio8P344eFrPfKrQbJuarSG
57,TXqkSvSAWDd2B3xQBGi9F3yFeZahVtrFvj
58,TBXz6nD1ahCArK812h4VUU4Cqxa1Qpyswo
59,TEBemy6kcj6Qj8N8rer25tNUkZ8z8z4CV6
60,TE3JbApA6K3NZ3aW5BfKMTiQoxnoWJzPm8
61,TCGZ458YdiRwDXmke39WPhNTxZ12rXJQff
62,TY4wnzHKmvH4TjrNoPQ2Lnk1MedwXX7gd8
63,TPxRfHvTns3nnk4Z7w9YJmFzK2aN3Ddxph
64,TSegHL2Z5AYvRAWCnmPbFGyuW6RodnHKpR
65,TVi63xLtW4c4XbSArndfyveLAbNWhyRt86
66,TXPf31Sw1K9KFEBQGykRAJcbJBxV2QaorJ
67,TNn6bLdrC1eaLoRuDGqszWMvNnF81fiTqZ
68,TMRTbuCMvbfufXAN2Hp9sx2EdXLoBcGhK1
69,TRLWcjSjGvZnfv7ausJYkxh53mKs5uNnju
70,TLkooo25WVFEazqiASy6Xoof8igMwLAd9K
71,TXRofnoDW8CRRDLAJUzc9AmzsFM3DWphr7
72,TRYbDRWZYMYiCXMh4zX5xhyb4MMGuQj7hh
73,TMQWrzbG5B9jKqpU7j95nhasJ3gFjWEqS7
74,TQcuhWHPncpt7b2XJvp78K6zrbuvEfRZdu
75,THQZX5VPQ9KJiby4w5AHcsj943NgE5Ebaa
76,TB5GH6bkpShChMqFP29b4VyjvirgJX5NTf
77,TJPPD9sQMgXxmytZKyk8neGGMEKogvGcaB
78,THZCuydvQsZea8GQpWp4eLV89TpAzZXJ46
79,TH2i8CWZc1nrhMP8aLdVMdxeieXMnUYJWd
80,TNRntaJA67h5XQ8QdWmGgjhYnkN5ZGwgBq
81,TRLq2Zxdzxr6oqnsjHu9eSm5Qj2QQLHWvb
82,TSiWwbhVKAHuMFhpSvyHBgvXzp3ijuZq9M
83,TW7AT3W2otym1bw71qvryddjft7rXqRJuQ
84,TRmxQiV7tACCxTQEd3TknWnZZEidcSFNwG
85,TSppPjpPWwWzJ94oaKddQVLqxGpJUFq2Ew
86,TU41jVUKyh1hQ9AEyw9uTkqKGMvDtpqWZ5
87,TVC37D2RxnMhNYTdNgpq4TiircT9K2VhCU
88,TRCbzmGDiJJTNxj4tJ2Sqqa7fqXTkc4h6B
89,TEDa26J7Wz2b2kHDzJB9XKeprojbsPqoBN
90,TCaWfpZD2YrHdcmY4rLoqQHGC3xQhuYvEn
91,TELg3wqmFtowkARaPWQjBC2KpLPDbdriDM
92,TFg9VTCc3haeY1XJamyEfHRQUotGeTRe9M
93,TYMhHfMdjZMqLhRhbEyTV5p5aWtHL1uGeP
94,TYEoZ6EXTBz9cP9bMpGrcCgps4xNU6D9Gr
95,TBQ8SkigTfvEuqKyiv4JuDq5p4KCvA1xCd
96,TC3mY6jRjNT5ksRv4xz6bCzvq4nHi5HkFj
97,TBWGng9MUnVoXA87m2cLKamh9UFVnQjgkU
98,THsHKzYYqoSUFbXG3wdJgDNpkbrGFPpiTG
99,TJc23Sm7k2K1NQqZiX98ZjPyMF5oaCpeUx
100,TKJGA5F8M757g8wucPZ1SPjRyTZ1WfBnx2
101,TFWPqoaLNU9C6wheX4FcoS4VPCe7khoQwQ
102,TVk7p7mbq7CrgPQUmukR5LiNXijUgyWQ5s
103,TKVmfhhjqfDcV5aLprWo8GDCam5QUAPQDu
104,TSeszMxx1V71LMtzdZmivesf4QNqnewFVH
105,TNPMus3CSo3pdwzJrVGoDsNmeLbGzvEod8
106,TAzuQiXGaSjzrxohmyvytqz9V5hFdSiUeo
107,TDzsL7ytAYByUDXwVN8mswrDFafp29CkgF
108,TLWLUoEVehe7aRFNkTymx8TVFJQ86536ES
109,TQTavo4TppK8F5MJ8whShbDferqaZTczEj
110,TPxoFoeX86PHiyNLQZrUHueKcC4TZXY9ix
111,TWpjTsENk1EqvDvphuH1mrifAXXTWAf6Ph
112,TErbKdmSfUSxMwgToZi3oeUTJKFFMZJXQG
113,TWT6Hzh2NDDNLkLKgSd5XNMVnsF7S8wbEf
114,TMcxd8Pkgs88s5y1pHqQVKLj7LEA171tRm
115,TXT9ZCxgtiQjsCfqdKUzer6GVS9WNVnWWy
116,TQX6ii9Y1Kw2BiVQ2EmBvFSj8wEhZ2z1qQ
117,TKZWRiLJ2QR3FgG2K2CasJpuxPeiEh6jPT
118,TGF5e2Tkq32Miqa8gre51mzU2FHu8oGcmr
119,TYcnzVmd6iBMpWVSGJ52HqTHH6BzWf8qAL
120,TE391nMQ3NM237m4U27dmVvjFiXqpBFFNi
121,TWTaqKfpfbeHpNwFKExkxKmHjAuC75Ko4F
122,TGcXvJQmn74BtLwCwGCFPFZWoGDD353ewZ
123,TYS3C8qUwSSj5pegEjD5A3f3Jm9Mv7Kd1a
124,TNMSFkXijXK2XFrGP3hwd7aCRTogNQQc5A
125,THhKdniCH8X2xCGh6YhMTt2J1SnjsZQBds
126,TCAjfhYHWnupNyyah5dPuGJSTxzmnKPPt3
127,TRTYWENHnNGyiQHvtGzaSJDhCC2D54ea7K
128,TVSBprqPMDMevXqVKJn7trQso7wMqssBeo
129,TLYvdMvsuzV3V7SA4aymoQ4zPumNvH5mpP
130,TMq8PtoemX6AfVcszM9DBzCVVJFPKoSEby
131,TVM5PPuHuhjm9wcXak9mpC1BfmaAg6KvMi
132,TS8Z2FGqNmWyVThnphLsqE61Qro1oCQkXx
133,TWgCXEkBDUeUYc3vB2LK1AwX6bsEnv9Rkp
134,TC87D869y9KVokmnrnKGeiAMLRGX6hLiuy
135,TVP15ABLyPnVb6Na6n9MmYtLaR5orvSVma
136,TDfjik3Encaa13gjCMjRop5pGFaYFcn4k6
137,TGHq6NmxpUoKbh4Bdrt8YqAW5Hm7vyTwah
138,TR1VBJNMf7bBjvF1vowvF6gsfb48NiCKKi
139,TV8XNUqiiPTx6wddg7X6nbN9cAQEtu9rPa
140,TEyPzgYS6qd8VxtH8YfDB26m4qbNdzMy7n
141,TCVFAa6V3jW9TP4gk8rtJ9ZdPapfAXAqTY
142,TKK34ZDBHF1bDeb2Sv3geRDKYXnAyEz377
143,TUwrWwhpDDKQ6n2Ms32M96BxTttELYBBdG
144,TGRrdUHhVM5igkpAzbsEyp4GLYXrrcGzY5
145,TYoahB4XgRmFqxSURk6KNwWnyrEJX7hdBo
146,TUPX9GtsbgMGERHPRvQNMVQu35E52t1L46
147,TVuh8HzRnW82vnzwU49uXzRgMDVc6CMAaS
148,TQPEDV5iUepAM9eCBiypKkt5G5NYx8Pkeg
149,TA4MZwqMzsxtBToNrsCgkHnXt5Rn65K7iR
150,TYZ2WYgcM7xVbE7MpuTPGeRTVZTv7yu81w
151,TAr4WCugSqFSAuPqqrqV74vgdZrDQAHA1S
152,TPRkdf64XVutfQouBaMqpqmuTZvtPcbBom
153,TNsmnZocnCfRH7GFKsZX8Xq2czgEkcYbqH
154,TJjaSPs23Mu23GjXWd7AXFFvxdKuTN3Xu8
155,TQnU4gB9YVD7rs8HXLQpMKQ5d8KJmu5XyY
156,TPjMuD2kVNJus8eEqPsec16cqmCt7wS4BN
157,TQ3ypgj2Qewgvj4R4FdZuwZHEpNTpzmn5d
158,TD1V26fZAamtbqgUn2fAnVCHAocbg3vpVk
159,TVZkohyV9R6o6jP6E7FM3LTh3oXLLnXv95
160,TA2NkmW1FxBwwjYaLBFRuSHEUz8j8n8NUS
161,TEbEMHVNaVUg9afhjFbCtKRUqiU3zeaSHv
162,TMU2DgwGkj3J1745yMFBCRQBtkmpNQUJ94
163,TEZF9yrxeomUpZ11NGMQrQ7EX9xxopKX9j
164,TM1PwVaQ2MEqVZg8m9n3SL4xVezA6bh5zs
165,TJmsjcPDiX5KDM8nAGnYnTTGJ9FtuMaHpy
166,TSLr51DiMCVmLPsuFnQWtGZRi368vgPjPK
167,TVfpvtSxjAFJfsJjL6cum7xC1WAaJeGNuf
168,TXtiWetaCRB4E4FkcMTTnRSjv558BHexZh
169,TPFXxDPuAHFPs26TPqTVB5ZKfKUd6CiuQe
170,TNcKiczkdoTmquokZZi4eD6jqq5dJgLpbp
171,TQzV1TZcPykhZBro3qSeGs9j2yJc1U4YD6
172,TFncpK7xbZ9ps3rMuMw4XkbvvrHppWcHFx
173,TUx4fTPno5v3nTzQay4N6Tkr4sK8o2KvmF
174,TJCFHFeyf3i6Soon7bDDVUUgBzeA8wx1Ry
175,TYqxG7PnikSQAo88oApoVL4hFXcLwGNVcS
176,TMU6BzpckFUwU9E5vF5rkAmjcHUwwpfDaY
177,TTyLQBYTu2C4qGeS11NFLEdjnAcwBdcHiU
178,TYdtRi7uEP2ZeWmJV4uDBYWfg9wPKfPqjD
179,TNVKoi36JZ9yQKSGaHzqQWAsuYhoPSbYep
180,TYfs6rqH3JuVSZNcgyk9fe7LTx6cQu78Jy
181,TAVmjuzwfjYMFdSu5W2zVu3wne2ji8YvNm
182,TD4F774eLDYKm5P8PhagBBcvX7NqKFLEea
183,TXhxzu3HqDmj5KMcFDoEFxgtJXJan2jLjn
184,TFqja5zxaXiAJKXrst9CwhvoMPNekSpUhW
185,TR37jjpLRTUWaNnqQbfud4QH3qdyL9zsRA
186,TYDsWyKrDBtKV8vEJMspaPF7CPHPiK4fST
187,TBSpCHninudqC7ECNs3ers4MiqPiyq8VVJ
188,TSedrpkrX9C4UQ3Fuo11XWn4i1MmGbNWbp
189,TGfqeWiWZjK1YMK55u5byvQg51FUnYzAFs
190,TDXQkZtUZoPFMaK4wNGoWiBShRybo28JAH
191,TJqXpzbcEu3Zrpapp1M1aMHUZU8qZB3PxH
192,TY3MuiGvxXuWk6RPL97c3rXwSrtJmxDzcn
193,TEZFDMi7i1PAMqi8SgxJdAVYnnxZv45Z6M
194,TR7kuBYn91AuuWoE93sQjyCLu5NVuxpu9u
195,TThmYMBxQETe2SnH5ByDY4kXw2Nf3CEY3U
196,TU2AedQW7z76yoQzr8MYTtMcFoEa4vCfGn
197,TG175j8SL5BDRsgFjHtb3tBsNCjbiqFMWU
198,TLEdUbb9KbJjoHAsqydxNtd21fb5xX2R8s
199,THtzEq5MiqSeXSnxroz51aJfCjDodZZjX4
200,TTxcTz2HhUASxZGEesqkTn813htt25aQ2c
201,TW6qGToCrdBWgw48US9pbeLuyHUUc1fuSL
202,TPi2ePSGiJCWMCHV1JzBmhnVuaFKxyv4u4
203,TMrwcjqECRFV34pdDb8GRs5CSjyaxmaiJ3
204,TWCvgsdduL9wWyW36D56TMFFbqvtKEMjUv
205,TYQPzTKJruyQUAu9dZv1Qt7zDyn8fWEWxd
206,TWHKcsyfVWmxGJrVQBCYdQsPkuSdd5wxn5
207,THvLY4kqHRno79XcMeXFMmzPgtw1BMjVqX
208,TXNDgSZeVxdEBV2koodmZDV4gfic5b9LAm
209,TM3ojMsW2bYQoV9FGfZpHfHrMT1tSYztKF
210,TEm2izSsyxFGBbz3bVcAxWBHV8Pw59K3Cc
211,TD6moSrmJuv2nnhY8UxTQPaVLe2bWfxJNj
212,TJp2xBSDxAJxqdZdR6sbXXUN9m6Yufoz9G
213,TJLyF13KkxWJdKrJ4Gs3Q2XECpxVQMpWkc
214,TQ6ksgUe6Xj2wanHQ5tyncmpXeZ9kuTUHD
215,TTjYf2LJuBtZeph2i52CfwtRbatsnHJQcr
216,TXEuX4zA5NNUaP8cxpowNwH3gTifGSnxtL
217,TEmbL7hxaK4ze1k9eSz1Kt3azBsxL91fLW
218,TSjYXTp2EtkPPQatcLmttZMZeQ5nUwY5dL
219,TYmtcM3APNx678P6kshEi7QJGdQqBqatAM
220,TJ4L5mRcVvd5dvUePy2XvwktT6D23P2csV
221,TXtC8wMjaCBmxXNq5yuMC9aYZjJn5Lvdgh
222,TNPQsNL3KHz11SP5brH5aX71BLHXiyXNGA
223,TTjNdj3yq8m38S8WVke2B3BoBYh8QFerC3
224,TDEBhg4mNB8jUx8FiXBoxXj9Q2vbHVsLrr
225,TNcsqo9V3BvVzBSbBqHLN59x2fNPNsqB4U
226,TBtMQC21FTAsT5zPhijCSfTwrL3QxsUZYN
227,TKLh4jFS14WdufUjUTWoiz3M32NjnS3sfb
228,TMEVo2b2Hbj7o6X2GkAXHHrbJCqjMCx5uX
229,TDKBPsFVVKPrGJRgzVx4Wqo5D2x3DssHNi
230,TJ7k4aXC2rvn1A7VdvtNRyG449At15iVmu
231,TBpEJy8j2YZXkQBdAvME8WQ64UnXeXjgq9
232,TKHSvKad6LEWX8NExp92VSCk4MKYKm2n9H
233,TXGe1CUMxoTmiys1f2SwLff8gf4PSrEVJm
234,TNWkASnmpTdjQ87WzBW1VSqehvJR8wNMLk
235,TJML2y16ATkqqtcYezUnfdqbnXfyPqprqN
236,TKU3uz4iE5Qo3YSty392fvP2SPCYFanrcP
237,TKdMRFv1iNtnPtAKLVzmvM3YdjYRVgu42E
238,TRqzkAHzUuG7QSwtHFxjUgFdNbMggwCX4d
239,TMgR34FR87sPaTZVFF4Kx2iiw7k21ituBh
240,TSeSGTrTADEf6hzJy5bdfCBAzzHHBQXMtQ
241,TW3CYr5gGbX2pNAURRxhT2attwMyvsGy33
242,TYfm29hUyDtTmTpRw2i2JEjAx6LGZCQtgq
243,TXvSFW2wUdgNpjMoKkv8Md3XcAfYxtSRBo
244,TMdDSvNpERjZMVDm7ghTX6866Hz9h9FDAz
245,TQBQZHc6vmcBD52Dy8bNqqAax6ea1sN7hm
246,TL91ADtaJ34yH1pZACoDokSXTt8y3qekt4
247,TCSbsc2un1UzMdq7ZrJdpktFeyK255EH8y
248,TYsy1kB2wtmv4PUQwg1Q68Z8kS5NSr2mct
249,TVPTYTdwXiDNVRSSC9tBP9WZDhi6V5E3W6
250,TYoHGfCgwijt1ertiHpb5v7LAGfA1sQDEw
251,TVnTWLUR7yzt8shraDBSAbXUwHQspCSPsv
252,TG6X8CSvzDsS3r1seafoVEQV72VEoGxDJ6
253,TWvg4bEFdBjsx6Qw1Phg3uqZWDaQKgzgS9
254,TXre3oG7DGkqCcjQqx9anmQ6e319y5HMDK
255,TNPo7nUHN5Rz7QkXKoxdYFhXDML2aAofBK
256,TXYoAWxiMJ2Dmvqft9TQjpgjugGyXC2mdL
257,TSanCPu1ryNbZYPsXRNRHbi3iDgMX5fMBj
258,TGoXE8ggxqHj1226jW76PBvVWpFbf5Rb1Q
259,TTNr9ETWAUeQ392L8eHEnvH6xqRSmcjsSv
260,TYRSLH1rLT9JonaAb8UvPLoAV348mD6udk
261,TFeoMrVmNwUu4DfWGFcsbCekfjeHEYdW8v
262,TNFjPrEo37k7aW5bHYPPZAkRxKhGkPpEDS
263,THPr3PNLcn6NwyCM7adMqicPLeTEvHunRw
264,TDms3SNncFuw5gLrPHTTdPyQB1a1YKPTqp
265,TSpio5FpCXC4VJcrCQ32yufD3WqkMk7Btg
266,TQYRLxBjCHMijq7C7EuEXKmNzhDRKA1NrW
267,TEvk6mN38bhcZTRQPTN5RxeztacUmd47m6
268,TRYJkD64tghSvykGUAMspASsnJ1fP9gRr1
269,TDpSkwCLV5qqArCP781ouaqshy617q45gq
270,TR7g4PzxDNM5h7nKASPX3HnQPJmVqnxTDJ
271,TU7hnRpYs4fLaa7sBSzRsFybmz98SemW5e
272,TL49pMdCHtJnEYqx61raB5hCrMiNDj56Gp
273,TYQcXZnswnTyWoW2P1CpSSg1Yq24hytvL4
274,TP8NM6L6UsA52GXp7VLmj1wkKG7R88tqQx
275,TBDN2ct6JF2ErLDcjzkgvdNi3XCjGa9rZK
276,TYZhCoCEBNed4JpuvoHuRPYwTQ9V7ojf5G
277,TNVCiofiSqNz75tTwWnQcZjZNbhNfjqhh3
278,TR6pzquV2WvtAKLm42ihaXkVT5AJkGEj1f
279,TW6PYfpRUY2DLmyPMLZs7wa5fbug69meQD
280,TSm8jVaTJXHMk5kjLke1RfGDiaWsVQytzV
281,TFSR2PBZVR9X2LwhV243oTCpEv8MXdskh9
282,TTf8VxLUVxhFcpoCZMZn2TnFndKEuLCGDD
283,TXEcdpPPuTvvQNSqm1vPaFUnhVxEYVS7S6
284,TBbveKn1bbgwfwEFZ6n376HUZYNDdhXdrW
285,TAQkhKk3BkAq9vShQ7rvucgGwx614PdAi8
286,TV7nS7ob8M9Li22vdN5YrQMf9ARFdE3768
287,TWJbxtjE2oFEsTFFETQg6RpCTipe44fXPq
288,TReMkPZUMVQhEDiQa1aBbJyWtRvCjj7tDz
289,TBNig5C8BuadWgppJCMTwoFR9x12B7Wuiz
290,TMpukqpmdv6n1vkmeDWXKuBGwBWQMCzLdY
291,TF9oMR6BCEb2odFJTZxttoUiSKnyFBMU93
292,TTGmWu29n5GZDuXV681xFPu8qhdmrwF79V
293,TGvaWV68ysHD3Px42XKfjqKsUmcu8ttQuQ
294,TKoyx5w1Vbw7Ecxqfi5tayscqcpfbZ1DxV
295,TTXCqRAM5BidrzBx8dVZQbpPxjxjYuavYQ
296,TDbmLq8Hcv1TtvQfo8dNBt4wVQwiDBc5hf
297,TXmptsnrEDvGv3LQA8ZPEGcCsdWcSqSUvN
298,TSE8iVCJE2WDejj9dPcY3GHuvyTy5fRedS
299,TAPArsrmiGSw3tymTmt1mgiBuVEM25XfKR
300,TNt6MZML4nZNkdrxxvYtYns5kWh8MpPyC6
301,TEUM7quDXH1dBejLSzqgVnHi4nTGJefG78
302,TYNMtdt9BUEpxbTzCSSRfc4bFiNQ2NMAfG
303,TEnfGHYamV4GwK5BzwsqsymzjdV5JYKsSn
304,THCE8KnGn3qM9KcbBt15H8DXvgjp5vKMvR
305,TWvpF7oJEW3CJwhU7u2gkRABmCYTEAwBck
306,TSykzzpi8dLhoJoBCEmPGdn2d2C4ZypbFg
307,TEDmwCd4VT6MRsVP5PfjqGBBTmwfPiGJBz
308,TTtbbP9AjzSBHn6g2XNYraopCE1jwUjTZC
309,TARtC4AZNq4kWmMg9hFE6Nq51q9XQbuQ4g
310,TK1zX6d3wLQFeKHgUpTedKFR5ZcDatjUvZ
311,TY3EkF2eHe6aXUJwYoD5vNPmECVSM1ngh7
312,TLP5WEFUSpvdy4qPd9nBwd8FbqiZCHw6xJ
313,TQmLFCjdsiLmqZnTKyRiYKhvvY9GbzsBtg
314,TJ2LQ91adMzBDv4b6nvN4XvcUsMYsVBTXS
315,TBN8U3VGdUdYWA4hgK7bvxk2AFjGb5isvd
316,TR7mhhjhvDkRszkZ5b7bqRYE5G1tP97UTr
317,TFY7eHf667ES6sssEMdFrDBzxQnQ5BigJm
318,TEKeAM7JR9o33PB8cGRb13EMm6NNcBTdog
319,TSAhAFZsKP9yarQufXH5weJWks1B75RdYG
320,TLGki3YZ22sLvYksSLjvNX5VvRLcwJxKJD
321,TNgdAUVQGvnLp1ZUp6RmDkj9PDW6tNiH1k
322,TQ6zYHZNoLV6ZihShP8sXuAGXqcAiSEmiB
323,TREb9xa2jjEifCKJykQUGbTcHfSRday5fB
324,TPYHAgBfYozH7BwHopneM8CT7CG4oGPL4C
325,TRswVfhpssCpheSSkfMGuHC2BMBa4dMNPU
326,TEq9cUoomoxLM4xFy1koX3gUdM3ECkk2Kh
327,TMR9XDZ7uQVxBKrF6U6Pq515rDSDqcKdP1
328,TW3byE7WwpZraokFKiCaB6HnJwBcf8tACw
329,TY1mDG5CEF5MGEc6x6pUzGRYMvxq5LQUow
330,TB3Tr1w7ojBRfMPv5JzBksMhkbbpPoQa3e
331,TWVGuTJBxkPwBfWrtAZuU1BcWUJAXofhsK
332,TFB1hiattKbQD4Dmj2WtLaN5Gj9A58Gh6H
333,TYtR2kGtHWe2RUEx3eoy81Mw7BLfzYSVVy
334,TWGsG5jNuT93SjCcwwWxxpxbPvj1TCcsNC
335,TAMdFGcirsuG4U3567esxrqrZnE2awzoG2
336,TWXoTWWmb1rwn7YYznBYVgmCiW8qUdSHua
337,TQmnf6ZkuGWnxvYShDWAdh8Lmp97ScEpUc
338,TLosqLPAm4kzny7DyXG6gwmHGZYWCZsXgB
339,TYSykyHum4Teseuqj2ivATLePAxNe62NyT
340,TSQBDz6Ycna6bNr846hexBaUD1oGNmx6Vt
341,TRZrpUKaXSaVBSZ8Vk7fWAxW3Y61QejsBN
342,TFm42jwvdm3SYKsyhpAo5Pa9AiZKsQsywQ
343,TGLqtvE5SSfuqTB7Zun6A3V6WTYNqD1jDL
344,TA7Nf9twkJ2pkvHfcNAE2iLWrTBehPCBNg
345,TAeLLncHvNPCL4eKkKA1vvkLTh65TR1bGy
346,TSHw89WQKVK9mRUeipKNBwGs4hd6zNiRX9
347,TJdN17GJvEkmEVqGCwXqKHvfsRCUJg7NXi
348,TK9UPG3oDjSgVRwG1dfkVBLYdtTUHwBMLQ
349,TYGxciV9F1d1uhX92g7Mhrf6vXoAirkPug
350,TRFgBUx3rqKHT1NLKuV96gJx3TpyqrcwkJ
351,TFxCkpqz8Es8RGD4VLw7CqwAXFxgFkc27L
352,TL3tpSuWS24cskitqbtqUZN8N43eHNfRmC
353,TXqLNXqq3dBAw11GpPDtEohy9d3THPJhCZ
354,TF6JRCohcyJgYu3TzmDxUGrNpvKVssNyFx
355,TUqru5LooiXJ9bs1z6dc51E28HZ6Re7m8R
356,TWt2jFEQqGe559jTDmoRSwL96AsTVpeJU1
357,TLmUAwUhCjeL214NkweYDAetRWBuhHcgyy
358,TEPJz8A71vM7YMwKghnTvuoptriF8QDgYT
359,TAVe8SKqcRm2UqA1kCJB8ueircNKDnNQQy
360,TUscxEDe6LxaZwkpknZSNSe9AzxwWphjtE
361,TR4iWgi8qoC34JLaEjbYFxjUxEneEpGwkj
362,TNQFDzrdEuNgbPvmfx5LGgLKnpeoAxHc7m
363,TM2EtxE6eLsMwr3GrfyDpauMxzp6cDzjFR
364,TXj78P6poK77bRTdcYNJhJBFyJWR78vizd
365,TSP41yv94p2zt6cPHzeAxNhy9ubAaS7bs8
366,TCqhBmdUcSYZYug8zwV86bdSSLkadr38hX
367,TSFQJh9oFRkkzud2yvxsMrvKqV6mJoYaA8
368,TKHXsvtAGaTyjgS5YKHjHqRBmLz1iShTPZ
369,TEJLpF5AECJsvP3LPgCRpartP8R4YJDYJx
370,TBnPZZVBDC1qkvhdoUodZKUY3gBpfTvmsP
371,TY3cSuecYK6A1P4Rz1ocMop6kZ8E3odB1M
372,TYs4QJg4oA3Kbc3tkvQAzGCizKxZr8TE7x
373,TVndLSXBxcMkP9BvGHz1oj5fe13B6VrQoC
374,TJ12XqUQsAyDvZJR5vYSV9tP3mTQKXEcJZ
375,TJnGi399kxXHA28dJyh8XFozN88bLAqC2j
376,TQGvMgp5wH7vKpmkU31yNszWdbhDD9SEBG
377,TGXXCmKh9pz8yLr34pMoSBpXUcEgThowh9
378,TPHJcBhQYAdoD8hh6w8MqoDkmiWqa13DvA
379,TWsi7QD6oDnmJv69S5a2ZU7NQncfdvg1hr
380,TWhQkStDa4B48wvvKZo4CWC1JSogeZ3xNp
381,TV1eR1n5XEvoECmsyLvPRrVv3ww9qcyKWv
382,TWq6ZhK4CfKqJ7PMbE2m1zeRrH5VD9p5E2
383,TNYwkkRCRzDbGfW8Hbe9Ch8Wk4gQ3bSKpm
384,TSEK5yhKR2j9tdwojoqEFZBezTDPJdvAsJ
385,TBJ1XmgyTNzkAKzPaT7xiNzqsaoCzXoiDt
386,TTkEKSvUS6kZw36e58gn9hdbkXoj3sT8JU
387,TWVrMWE5kGHuNk8peQtA3nga2i1Mcf3FA2
388,TYuH7qyeLdgoahxYzGbaVkFG47iqZsYgVo
389,TB8SYDSjkmsn9NjvVg9vTTuw4TEGrM9P9R
390,TADbduR8zHCKjFkFw7or6BWRhP2eb8AukR
391,TYg5hEWNPB6gT8dn6pbECwuACcY6iagUaa
392,TRiDAn9bvnLqBfBw1gmbqAdGC729KXtyTA
393,TXotUctVYZB12nrPggEQqS7bo9eE1dtPME
394,TVeHRGxvnbauFkiRNWScMh77N7BvFnRWJM
395,TBmYhN92QMv7fF7cGe8Ccga9NqnoH2pLxr
396,TGMx4Vz742PBBG1nacAnejMQJ9uLfNscdu
397,TBCprYHfJqRjRe9HL1oD7t9Ctv64XehULH
398,TC3ockcvHNmt7uJ8f5k3be1QrZtMzE8MxK
399,TTkVMMWtWdgryJCywWhYNxn9qJZcgVvJpt
400,TUfKv3J2fifVUFp3pvJaXMf4PzLxVb7ztX
401,TQjFDMrPmPoFRSMpJe3KV6GGZTqmXuZJpC
402,TSLrdnurhGftokh3dq7wnSkUvguAYShehM
403,TYKh2JgN2HazoP6oMj2YwsjvDsYFhcwiGZ
404,TNfeMEsZ6ZBYmv1bDULXFdfqSyroPrjkV5
405,TCWaHiXyZFjAyJKTSe88wKWKNG8WMSnpom
406,TTZxSB43oswmbXstJWc8DVChCyf1qM4fcW
407,TUqiLTDDf7dkqYFQwXvwt2oZLXMn48D7gK
408,TTdiAu8PBqtWF7PznnP9miUCHLpKKGzuPb
409,TNV8NUBcMQ5W6pbtQi9n3MfEUk88jYunkM
410,TNyLJyo5xPD8EqEAsaywAoBKGjpnEt9mLg
411,TAmw3W7Jb3L9u42rsuJJqmLWy8R83StNTD
412,TKm7KmWD3dWcRommgUsbTnv1qR2G8jH5cV
413,TDD7yFcW9syfMK26YFKN7yXNGqUwV4AP84
414,TR9n4uDxfUee8EJZGQxgPA8TTzGNbmxRfi
415,TRtkj8KfffM4aJzutuWNS9stgDLaZgzDAq
416,TPKdbMUfjkPHVJXv5iawGNzvhDvq8QKLcs
417,TDg6qeEGEk5cq9J6VDTP3Hqo2TFBHyAaj4
418,TTroPwa71SqWT1ob186iihi1iP41UteKS7
419,TEtpqs6WEvRg7sChHoS1HMZHseA1LuVwVx
420,TDnqYEfuM7G3LbqpeFyjtbq2jBPPWbLfXM
421,TMiffNV33qW7aYMPs5Rp1uDoQADGfWbffn
422,TQnsfvvFNY1ywGYeq7rsXxD7QYjw7T1qHo
423,TN2EDPkfNGh9RgthxMzcW6bbUBa4P4hPkm
424,TAcPGSCx6DswSNVf3KB9KRWAcVqqKmNYeX
425,TCWMqPMLY61SY2ff5yVatncwGWHkZhMH51
426,TMXPG3PAeB7rMKAxRFyrst7VVDnN6y4RZx
427,TNRPRNscURa23eSBhoSnCKXLLRyrrnU9CH
428,THsddJ5kksXv7JE2dy3FQyBTRmWHBWxUxh
429,TN1M9HtFSFCjXZv556yfnvwkdp2XJDaj2K
430,TNA7BaEuah1QpyLHBFYsHzrL4JXpBLXCeZ
431,TGYym8TDgJaiQ1M5LbjJpvpsiqm63SmdE2
432,TW5DdRHDqfAFvMQh9m2tT46UKtjwjL1ZAi
433,TFxDLpFXNL2onVEqZ1cpjh5GpXp8bSxXYn
434,TYV5jT7QrCdWdzsPCKFWeQogxohfExnqKg
435,TXiJDPdQjBiRYnzU1wESVQVfb1d1WTrAUg
436,TAb7dPGLhVuruTHHc7HuJnvZk7nxsd9spq
437,TWa8RzYeBKZtGKL6A75a9iPWFRyHYYo7h1
438,TJi6zJwfeUHEzW4coDBCAbWR2sidukQbzG
439,TCNtXZ87GiZx47179T5PMt8BXwcuY63F9r
440,TXvR6B2U1H3C7PnimrrCvAyXaK3hYzTeLF
441,TNpiJ4WSiSWZ8NXJmLZh2wnRvr79FcrhNi
442,TDUfmTk66jC5A5e5pgbvU1a3GiUaR4EkoA
443,TRvsBeYF6BBRQAzgAPC6RucNrSx5pmYLGs
444,TCcUbCMHZHXeN8zwrJJ7TChXddWSz1ZFys
445,TRfF8FZKD2xEgZb81r7eS5vRf6Evonptw2
446,TWxqayn5V4ipNyPwJuCjEf8DJ9bMAsEcwL
447,TKD8wq8ipiHUNnbdu32ycEVim18wuhgQo1
448,TGfs9VM2wSLwVJszp5rnxVaqcFSAs1evu7
449,TGkcKinukpCEm9bJsDPompv3e9gwyQ1yZ1
450,TQgHXQpLxXDq7fWbLRgsszhgL4ZtxjtaMU
451,TSgWiDLN6kqgQ1yyK76yBp2Yv1YZqM65cH
452,TN1notTrRN3DbH3EkqxuP7bRy1kL7ABg8b
453,TGu3xFULW7fgwBeb1u6Fk6Q3dk76D6jzEL
454,TFCW5gxuGuAUYfGAmA3s1uCz7RdM4JLBah
455,TQwZG5hx7FUMfTbWfo8JfNTaa5NK1f2McP
456,TSSERwn1RcvaqVMtwYQi2dZjNBr1BzUFpk
457,TM8NR8fR4ghmXdvnrqRr8KrjG9hhV4gR2F
458,TGVNNiApriuvXcrDDZRRG7gsRd3LLJ41vL
459,TFcJ5xmVqSE5MkHKSwN1uNTZvgQRDTy1Hr
460,TFHkPyijedhCenBSKQFcF5ypMEQqJBvJCP
461,TDLxbk6fVDZuiWF1pSd5xF4gUNYeApeVxo
462,TYNC79tMBG1uJ7929EcaQy3TkSK7jpaqpe
463,TAuhqsdsa3DxiygkkWAQf2q5iXP7KBBWB5
464,TX5ETay7YkUHax1JnhqfbW6ABeTZ9av7nq
465,TUHmFNHaSHYf1zjxFFQeCBpLR9Vxw7ozPW
466,TGto3bu5Swn6iZZ1gotScFoxLH7WNv9gJF
467,TEX3swHTGFJ9XFqQs7ejuRRGuGeSfDKPu5
468,THJmFmnzwVt6HpjtTLVMwmARtqv4HQiTYN
469,TVxrNdonMLxL68AUDnKn89wYggvPUoFaRE
470,TWhTTxUhRemm5CtFKoCX542qUaKytghY1J
471,TTDAwybjWuaLDCW3gaGXQ5s2SZG9zuuDHB
472,TVbKTvMj73Y1PWaGPszP7W7wzEKKpWb3n4
473,TCTmiMotDh1R957jwz9so78MSG3ngaaTfC
474,TCrkQNF22jH9SrijbKAX2uHeyhSC33v5do
475,TBj94P9U8HYSch373uzRRtLwCKaCuWKo5Q
476,TXZNwtH9wcedK2ZhPkftehaSTtB6b91go1
477,TBo3GV67yKFaXZ7pdEkwdjzqL5UjM2uWXd
478,TFRvGTFUyqVM7cozw4aJ54RNjhREqq7s4v
479,TYfpNZdfh79D8p4xMxpDYUhd95zMTChtVW
480,TMRTmFtPXmgzuAZjy44THaHeUcHq6iyR1i
481,TM64FdTQk3P2ds3C4vn3XUEq1zo36eV4fv
482,TYzAgsZqJi7PXWdcjjnZxNT1bAPkgCmcMR
483,TFc7RrURjfNguKV4SpS5jMvKXwzbJ9eWtQ
484,TV3EW6SkTUjacUYDjuehmLk8PpisYk4BBc
485,TWwqY3R954YgqavVoGpni9jFHNVeomEbNA
486,TQqtmrPzn8GEiaWbnWdttTvSfZt5a223SQ
487,TYfPqbgwVdcQy13NNFLtb6ZWyBnqhfE1Xw
488,TAhKPHVdXUMmkHEzRuyLjnEXKgXQTZvZBz
489,TSbWpo81h4ouEANaEmzpqaNQjZKA2bzesM
490,THAF1Fk6quyxx4usgFPRckvtXXx2aS8QJL
491,TP7tCXRtaiLeqCkTQS6GKFfocrvC9Xnvuq
492,TY3MMhCZvNPCDBVv5rbtj1485SpCMKcqHF
493,TKFZSvxAPxQWVVGxx1DYnh5TTXzhffyz7o
494,TMTveWuGDMfSwqMB58HVnyE4G5au9mDBMx
495,TDqqq2cp6gMhKk2UdSESGKPsRYsQKtkAq7
496,TH2GfYuDGLgVe4Ni6yEU6HKJnUt8SiT7Hk
497,TNpDDWGXzcz7nWx9gVUZUfSDriqgLH4GS8
498,TAv8VH5cnC5Vi5U4v5RMa9CU6pdbu7oGfu
499,TVKkDGan4cQwCWM3QuL6hytSfBaYr3NiMa
500,TMLuV8s29vVQfjVr5geWvGX3bH7S2PqNmj
501,TGh3oxDwzzjm1tWJzFqVwLd5gY1rD61d4F
502,TFXz6KZmi2x8nBwzUramYpc2hYViizomcx
503,TJ6bKXZhfDZdRhJ39gHkJkLFoEu7fugLDK
504,TCKv8X8i6478Kg9iBVCR1sFoWgqck7CjVM
505,TWvhNDFDJpVLSmHZ5HtgjYYFzMA61hNnsf
506,TRaJ8Qz9FoRw9aSyFdQakpkxxtQ6j66236
507,TPZUkjLqUAVd5CBm7xGqLdi8o7YDRekbVL
508,TMSNdES7aAQMEyJi8KzSEkDfrxgLEeKLsH
509,TE49aYBFgHBAnp6tXbpqhcDKfHurQgFc6j
510,TRPJKn7tCsRY14Rw5Rt5aZPYcSy3Jjf3XP
511,TES6VoUZUpJf8Qp7UJkGmtjUNgjZC1Shih
512,TCuxVWMK6HEPD7WozZj7HPsimSQvKAgatd
513,TVJGpyzwikcULytAz5nQ9qvLzLwNiMX3xQ
514,TJsaK5eh9TsLQ8cHA3tafeXmfYymwPkv2u
515,TExeVzjN52cNFDJDxuiabRskCzM6p4z2L4
516,T9zxbUejVF18ydmkJNbyKzHkZUqT19UeHj
517,TTD9NcLJKSbYWdRB1ApwZLbPbTe4CgvYoR
518,TJiLVyiuMdF8eLsfWLM9dP8cmtC9sDivPz
519,TYMotdpzufnsguHWzxPL2tNtja5GgPX4id
520,TXA88mAiDoMcMdQJFPckxkK9vbwU251crN
521,TCJzuP2FqbKd9484DnKcHkHuAMzFKtPuBq
522,TAWqvcm5nXbF2HMcBwgSMtyebKbbqWamap
523,TXikwCb47BBnHNw9B4cSNUAnQheyuJEYHz
524,TRbC26mrB7uP6HDPTprqdinPCXprGi4nLj
525,TAftwqYnLWZ7dBLPNSh8GvEcPFQ9fN581M
526,TArH47c2bfTShrmBSXud4D6g7YHZCNTJt2
527,TRvsscJRiLdx4Hy7LcobpJ83Dhh7WyopPp
528,TQYC6PYqTZyeShrdWeFpspBzVTtWFzzX6h
529,TLFZfxkP5Huidrdcb46wUuW6tobzZf4FX7
530,TT2BTZrnsxnoTz2ScJ8uP1rUs5UPipDd51
531,TV15AfBY6cZyyVvJH1ANFujaQBGb51a4TM
532,TMpbbDaabBEQsoim3dRhvH1gWjoLJzsXV9
533,TQMeVnoxy4yFXVvx2R2QLZJCqHAczLgrUu
534,THowokuhqiNkNcaxw8TJoSfbkHohdmms5f
535,TGQpv5rMzhjSAXHi9qm5z8YmLoLzzDcTvF
536,TGXu12wviDXRdGK7xGHzPm2p84c27ABsGm
537,TA3BekovfWdRB3E4eFYAwfHCGb54KdLH4g
538,TPi73wAKpa3B3h3RahpcppLCuRwVUgA5tQ
539,TUm9fghri3BLg1VD9vUmyRJGFbic99qwnn
540,TZ1zyqjct55SDbsZgConKZ2tLsdAvbq6aN
541,TR2UuKeEsm2qKzXFnhfL6XgdgFMcVbqxbz
542,TB6FFyQKMhPM1QC62ECWRJVxb8KsxnAY2m
543,TQ7GzPaSzVVkpVqUN83dtQCM4CLHTFgzjx
544,TNXsyUiC6Lt8hwSLvkktH3AbauYUvmvpNP
545,TMKhCvyJ37wdHqK7QiWB9zC7SbLwdybq2D
546,TFWKL4TGZuSXyqNftpL5VhLX174ZQgj9vf
547,TGNqHwgtyDUY2HkG4nq42fu8RMsPtmepGa
548,TGvUwv3TvGq294eZFrsi8NHmG8zh7SJRvm
549,TFfDT32Nq5rnMZxiLgAHmZ4kKj4yi6CMae
550,TErSrBqUWNkAvK9UwfNZ9UPZMu11KVebjB
551,TTUMRupYFCMRfcPc1san4txpT7jhkwbiKK
552,TCU3bjAqHJckdY95W4TMbp1nQQtPeLqmy7
553,TUKPjRKabXJ6q4RYnbH9ggkymhYWSNApw1
554,TVLnaACw5D1cVNF6RSStt29cGHgexLJ2Bb
555,TXgDa3ZqgfjKe2PjA6wsvJUsiuabCEfzLa
556,TPLiEmuhFVBrPafe2NU18Acbpq4nraqQ5g
557,TE3XM8w5hBym9fNSRmsX2GaNz9gvot84pL
558,TDRmnJvLaKJT8qHey6ysDUJ3D5LnUqAPM6
559,TLu5z2YabWkBcxbQeZ36ZJMWQSbEdxVPAW
560,TD8aoFGU3ZpEVbqXm9bS1ajtkE9fn7S4RH
561,TLWHuX6QKUjMo9W83SxGvyuDQgY6fZDhHH
562,TWX3sMZkydQVMNkWeH36Wze5CmGZLGgZPH
563,TAnhz4EqAuq68ZTbagcwKqzMYwAAtC4UL7
564,TWHngGs6HR54Y1hEJ3eBGEq6odbQLVfde9
565,TSByvvZZR4qXg4zotufESvs9A4YRYEUatK
566,TM1gQJA4ofRmYKSsEab8DbV6CmQK9kxLGo
567,TBDp6BzbxZbc8rUbLbAoPFKyHme4Eb8dXj
568,TMnSm8cDhKEmHFU34bjNkZsHqyUT8tu6Yo
569,TBaA2U7gFHxsoyHYaEGyiJr4QYD6fveTVG
570,TZHt3s25erHPnUmVrwvQvErmDDGzVRVS36
571,TEhKzSinJHt9s1wBe85BLDGvHMWHQNr74f
572,TVD1bdx97MCZaxRBoD5XuYGxYvMGmf1np3
573,TNo4zu7FL1eNFCXsz6LU7PZTaJs3EHVFZL
574,TCDxonMvLR3X5hsJssoVSPZSmgstBvQ9uq
575,TQHjZ6LrqYwUhRAeBhM4JNQegvXgHqDkjJ
576,TAQdohvAKwQ8AyZvic6eXS6RzvkSyk13tn
577,TDh5Lg3dQ4mqdUaE9fdMteXULy1fQxsfYC
578,TY113gkgY58wrD7eKtAG5ZJ5tEi7hKjvd4
579,TG5B1VmV8zrV4TAvbpq1bAhX8iHbRLCGJm
580,TQzyyQ5N8hoFDatdXD5axuLdjz9qBg2C9H
581,TXVEN5qHiM4d79DSxb7d1d2QWN2PkUGUfo
582,TYuhamBPTrXDxe9J1Xn2tV9KD9MW946xQS
583,TBXC3KPBTANwh5pRtxtdT6pqeUDaxQNL1D
584,TFnv64BsmbiXj8hrS38MXQPW7Mr3uCihC1
585,TPszYvq2LhNCLVvX1rDUxGCbqL5BtMyS96
586,TP9wkcLKKkP3vDuJwpV8ksgH38w1PYdCGB
587,TRuQXj2qU4WEWR5z9pHuxzgyhN3UCVUGZi
588,TUcLsLRYUcK85W6L71SeQiqNUvaVYuRZeZ
589,TFbqnfDmRFpeZS9JDTG5D5ELFRHwuH1GcF
590,TQFYSGMNwLd4pxEoPPZQyhxPP1JMTo6HaQ
591,TD6utXJdEmA5ayvWkJPqZ7CS9fQEToxh9F
592,TMqrfkb8AMXNZZABsma477u8jX55RqP4cB
593,TBPmcuvUyjb6b1MuijSnFycy338ALLhF2t
594,THRHr34nWq2rYmJSSsVApEDCsJ8SS9EV4b
595,TAbBnhyVfSP8oqVaaSjhaZCRdJdu6nmFZa
596,TWZBWLTAY4aVo44d2nW6dx4UCrqoJMPSJM
597,TFJ5JUjaHWWGURB15qYr6bqB8YBHrc19Bw
598,TKRodr2bx9z2m36HLRpk4hruUsBW3aWDJ3
599,TSerHHScnhSjeNb1ddUqzDzLWEL4QoZmLq
600,TDssLkc3ne1mgE9BnQLNFQumCRZMTaUzU6
601,TR9E4M7NM7Yae8Lh97RAikiMyv8pTEk9qy
602,TPmsRSTmd7d7b1in8Tm7ke7cUpqQDDaeGC
603,TJLfKYxNJM1jpU3TeFMQ1UtyoeHtT9nDTo
604,TMLdQW5yYV73C2JojAyyBX1WHJBd1aCMah
605,TChNCdanruJAa1Sf2jXf2ZshkkQr5FBevs
606,THhwirQkjp2SWW4fpeFqsD1FrNhQi2UGCb
607,TVP5C7V2Kaz2zhGUvH1T3MDPpzmMSc5jnL
608,TQEordjg8RaMkQWrGJuYdtK7VyhMsWY3Us
609,TXVppgp8FdVCrvTkoMYHvF5M7g991iRxTN
610,TYCgVhbNN1bhaxMHBeMVJZa87eTgum1bN2
611,TCNrPHECYWPegeRGkWyFZgdn5pgNiXw6MV
612,TTctbEyHc4T6SVyTqqbYQDxBWSqGo9eMz9
613,TN76CjLmTTcaXD1bZt4oMCBn8Ybac6Hj5J
614,TSAknmcdhBaqSwD3DkuQ6jJehM8kUc23hm
615,TJYd3spwRHY5VXpSvURw2ZvDsYaz37AJmP
616,TWSzcjQyMnXgohWneVn2XXi65mVEpUP9AJ
617,TBLkSFPVnwRjh545bBo6CkWLSDiEZBR4Qq
618,TXgaUo2qFLaiHCe7KdVpvBsuA8315oZwQ1
619,TFvYEAgPZP6HWhs4UXkKqF7kTzsuk4sN39
620,TTBndD54uXM6fFu8qibGuXb6SzyFJbaggh
621,TRAgU7n6WhFT4cE3mGY9cZdJaTcESFWfrD
622,TSWLp15kQK7w1JCfiT7yHZTaZ92wyfttj7
623,TUU2xEFCgCbaasw88NvaBLUak4QXwQmMou
624,TMr6q62XA7PytEmKdyqZsyvKFpQp2bzhCZ
625,TGBdJCowjv78DTqMSMQUCRDuhjaqxGWxdm
626,TS6Us2dVaxNeoEM9HPi4eANapCeLRCChTj
627,TN3UPhw2qq5vSSPFGnbA8J4dSQEx2zNjmB
628,TXPao4zF77HTdXdjBCcrrwto3KvNDBR5P3
629,TFesg6Zp5go2MhTW9ie7dn1CVN9EftaBEd
630,TQG7QqgypavYBrDMbGBcQYn1tXB5B2t6YS
631,TGqxgpMFfvUcpC2R4JccY1t6oFe8WfTQGT
632,TTNaP9JFf2MvCs1jJUVH8Eh5tiD8Cg8aC2
633,TGNBNr1T31pgjhRK6Cg7Eh9tUnSCM8sT2m
634,TB6m83NB1tzkCFajKRStwgXF6rfg36wDVt
635,TSDGHdHWWTQ12VFspn6VV3cG8B9XyWF4qK
636,TMLWjpVwT3WQKQd4Xmp5vB6ocaBHVPKA16
637,TWopSwn9PMYhYqjomX29bJRxWQnKTurQ7o
638,TMH2aaMqEqzCUAkwQHKizeP8ZFBvf9nSzJ
639,TYXWiGSuHY6TKrDkntswuXYu1Yx8A8a5k5
640,T9yM2GkhuAUDZhpSbc3UaiHNC1YrwYzfcd
641,TZ1pEyQvru8tpakke5zwi2zt3ZS16i2fjm
642,T9yUUzwdFNrBErzsEzwCzevUpqrQrgTdG1
643,TSWjcQ9qC7LTP7zjWQFXgC3FQ2T7rShmba
644,TFZMQ1U1oeS4t1wtuJnfbmamLow2io9WSb
645,TWaoXGSEB842EeYT24TLJcQWxtVpc1yo9k
646,TE6N4hsP27nz8yXAt3HFfp4AQULtad2GiP
647,TBVs7pizt7ZqWRffdFo2fxWqhf7j3cWSPD
648,TXSXRfZtGyzFsRZrjRQC3dK1JbnorWFs4q
649,TLm4bMfFhKGDMfZDXC9yspZNUVZTKgjRVS
650,TVkbYBwzBbZM7a6NafSic4Q2KX9s9q5inQ
651,TUXp5ssmcsd58uQYKi79A6v3sfvHLDzw2Q
652,TKabVhccfQQjpwaZ6cnDgCVfaP5Em9cfcR
653,TFaN4NTFyAettkAhxXTXXYeeD6soiTfJAY
654,TTqzx1Du8tfeiUG8xxrZc6UuHpN63WqXKW
655,TBf1MNmcvY9zfbGuPg4ecJoXA2Wmhb1yJc
656,TXj1mRckydjTGaoeHHv8QyYC7apCYc4S1u
657,TL6rH7fWTa9qGToSNW7hxGiv7ZpQz23Bin
658,TRjCsC8iK8WdY9u3uKnvkt8VA6Q23Nd2Ji
659,TDNBfgx4JikMMB7S5fABYUKUEEM5zpDyW6
660,TL1X3xjK42pkkFEJ5wox1zDeBnhrhGDn75
661,TFYi8VD9cxvCVHixsHrmzfFdhZqQEvi6cb
662,TGSU3EEnATEa9kk738L7u8je5M8tzJNbXT
663,TPt8UTfBbuDZRRajAKsMthgJTXnHuFw8Q2
664,TQNQvGgVUwLRT2TTQPUG4MgY4oBKFRZ95m
665,TV5GhMLdaBqcsByYX1GyRprULRrreLpQbo
666,TL96P64Yi6RFM4sEbKGNXxVYjcYeVKioha
667,TSF2t4mGx2eD3MpaRKW7Y9kX2xmEzEzmQj
668,THDHNQxgxthN1DvMyTdCnux299oQQBXFw4
669,TA6QWA9LNYmbpcEzdxyMNH1FAcpGCVo11Z
670,TBm3n4RdKj5cscDDEcuVxVsXE6hWcUuNUC
671,TM3eu3QR2rqvgb5oJTcPLyfFNdBFWFxZ4K
672,TV8RS47FZcuc26YAbHoidWTCoJbxEXdQVm
673,TRntvjCPtkdTBeWorg9QAX9zEp2gXiJiHj
674,TNyDXSLiL9in1FwLFW1FLZ19tVz9veAuwT
675,TDbmC7cMjhkkMUP62VfR4wXsw8ZyBa2boH
676,TKb1yiPZDnt6KGn8MNgUnwUXk6vErdJZgf
677,TD41pFd7QxdMpHURC8dzdDAsWhHqugF1RK
678,TFok6WnDFKJHMHxdZzEtLf1yJeDRxDzH45
679,TKniFQDVKmtCFknuCAGHzWbK6H7xhGNR5M
680,TWcvZB3BKWjbXEwgJbAGDvopLX4wLcAFWA
681,TKoU7MkprWw8q142Sd199XU4B5fUaMVBNm
682,TYzjxrhYpSxZpV393sHL98CipUS3U3fE7Z
683,TKJEZFVzZNjQyJJ9L2CArkoQYVaExzbexu
684,TKSQqq7Tp76v8XTxxNvtt7F5szajEftDY9
685,TWWQXXatEuad9Tk88g5ZeVNKpB6Qq1mgqo
686,TMsqB8tJtfL96fiu63kQXZoU8S6VcoQzg4
687,THzHrREpDmif5BxsYniV7ovWJkzo5FWTr9
688,TCBqfGNz8DS1yviYEsK3ZJQbjEgZ4HMWEs
689,TTy3NXvr3qExspP85ipJ99gmtMEmrZfkV1
690,TWeN2csovrnnWD92n5nbuYGgFGdR32vux5
691,TL5DN747munBkgc2FB616aN8u4A662Czmf
692,TL61L5Rf5C83p4pDFGEk8xdByDptRuZCEz
693,TTRMhEYb47WATH8aSNAvqnrFY1bkYN39W1
694,TWikTuRoJXkyZqhTjQKD68TWVyGopksBwP
695,TTfAynPXFak4NXsDzQpmgXmQj3BKJjEfHu
696,TCrV3KDoV9z3WCNP5utQzyL4JN9oRBjNGg
697,TXAXG4hyW2fdgNRgz7CfWFGu4Go15eg9yb
698,THr8YJ5dv7iddXPjAuNdRUc5nzkqmiGwLK
699,TJekEnLHV2CKU8rCgqMKtc5dxmiji2YwEK
700,TEVLgfFB1sZu7DBKgYYAHrcmUNV1zXoTSQ
701,TU5mDxwmnz5GUV6q4t17q4JRMz2ALScXwP
702,TF3HkMu2ffmRSvp6PijhapoXWH8nKD3Nyg
703,TKJpvgWKKHex1TdCgVNWfRZTANUJnLYZ7C
704,TMDQibnDLb9n6euvbDttr9ryLfLkwcUvEV
705,TPAYB3qc6Qk4Rmo1xNFojfPnpEd6WnDmaj
706,TAxgg8fvKYmgkWVrsCjq8UVAwXJ2zcZ2ib
707,TTvV2AHs9Gi3hbV1CvvzvA5d4H3KV1WcaV
708,TNb1hABVrS7R4a2qAqtQnFxF3xyTjBWArV
709,TRH1X1z4z91xZkPCgsGmHiFf5JY5stMe17
710,TKCcQUJjBpq4SaTxL8JhPFbULUNdbZ6JZY
711,TXFqRHYHx15HknfpAK7uLLm1bqbMdQrH14
712,TSE4iD2JQPLprN6juTskvHW9HctzPRvZbQ
713,TG3mdgcDK2UUbNTvmPWpQcbZUkLT61JTv5
714,TBevv7aiJQqnNxZsEhorAzGigPMBAvf8oC
715,TF5pWktehxWb13BcVLST3zX2BRHcZgFcNw
716,TGov6XwmrTRjaLEWJwPRFoEVc24h7PBJBs
717,TWJLmNvwNn834KtMT83mK55QxM4wx4DKRE
718,TAkyphkMtbGatVzYNZuzeirt5Qo3N4NZXq
719,TBYH87xWAgBqToUVW6YcrMiBL6D7d91pgb
720,TY1HHFc3fXLp8wk35K81MM1H5G6PySNrJj
721,TDg7RzmmDQqFWdt3e68hDDxggKEscMu61N
722,TSzdoQMKV4QsfxdZs75HMsFhUEFKxaY6tG
723,TFHASMNYJsN8gYAHN9gPpRsZ8sSxvzFVoP
724,TTVMNavL7oYZ4K66YNvVzejVUu9MsGmnAe
725,TLDc83MXrBrc2grm6JwEjNxjfygi2PkY9q
726,TRyeWoHNg2sH9G4BBmgh6FrNu3UsarCmjj
727,TZ4kvccJfGTcK7r1wQsbpBmwPwQ6jAkE6p
728,TPRQ11c33siKVhq9Jnu18q4hgjZvF5iLXq
729,TCR81T2rvBgfeM4U8eR78ScG5RbxVkTLkU
730,TLZbaLTno3ULVni89j8tnAMQexV2bxwBaN
731,TZDQh8FxUuSihJpmyRVE5XNpav7BrNjBsG
732,TEnPPEr8ua6W9vLJnQhZmN2hwVnJTWcouc
733,TN7s7WAbdjzKHDSiQfo5ACc7F4zWas8qAK
734,TEzBN3eZYUPfhTn8QRS61cba6wRXsE52U3
735,TGRFmEWDdHUfLAULuVaHZMuLTyJa7uYSxM
736,TFftNFQtYmMz1kfLk7PxskT2N13k9ytrhT
737,TAK6UZAeU2QrpgRh9bvw8BpTujaKPozqzm
738,TK9ra5oDZEpsFwnPYZUi1JNnroRsW1gfMA
739,TDh4XRBhFkAraimTd6iCwb3UsiA2tbhLnr
740,TCinEfW7SBJLrMsveCPV1o5k8HfjxmHVnA
741,TBUgDZ3f4hLWnv5mWuJ6qN2XhRDgZcbBHb
742,TPAuvxaDvQMQ5S8meQ146MjSyj9eeTULDJ
743,TFmueVUUsq2upkx3gCz8XboNxHh6xac3wv
744,TH1BLLzCDF42Cg3b9rDBXBfV5URVRJuAyK
745,TFvFj7hPCnEC1ubR2UdQDmdjp1YRFbASvx
746,TU3vbPSc4G6hrBHzCeUCFpMtppCJ5Wa5U5
747,TMmkMXmTpZxp2J83paC16kaA2EseU32f1X
748,TV1mPNKpLdXJbJTQbAX1exn1FkgHVhcEXY
749,TJ9B7S518sFNVUB95ipp6Svf8MKGWV9TrG
750,TGHdXpVz6nyptMX3kfs5cpFzdi3kGSYZDB
751,TG69PQy7B6MA7FzNajLQNw2mXEQY2Ckwh9
752,TRfY8SRERBrZ46jEo9qabiX2Jo8zUEKJyc
753,TWS5i53AgyJfS7RBcZZF54P56o4Mcq2RAu
754,TR7gcxMFvTKVvT9jStqj7qK6SqK6mDiJNk
755,TUtY5fzJSkJTrJzLyhkckG3EiLVWG4LAVT
756,TE9LXhDBkeErUP9EebTQZVkJwqY82tZd5W
757,TMUdegaa7AxVdDREvutodFc2tX2kNgEksJ
758,TYw837gQwJetHjrRfu5kTANsZ6cCL8i2zP
759,TUiYPYPXhcAbBHLRwFodgfCogedTTymJ4b
760,TLa9HrXynpUdnLNvCiAn2K5wX4UGyZQLG4
761,TLCsTZWo8UYNeVGUSud5NiFpR5RMmNmLWC
762,TJC245wLCc3N19V36buHusaxKxpEhGSJB1
763,TB8mXGjSiSURL1QLtu4bqAYLqDz7vJcEgf
764,TE6hbUo59AcFsT4xDtfA74qhp3sBGrQmA5
765,TKGzsjk7GePx8AwvsG5HbLJVh2Ccs1SGoL
766,TVzDREdv1TBxX6zrdkiB3Akb4XCoMWDkWM
767,TWbdkW1Jc8V8SX1t6a9RV9LcHWnFEcbaJZ
768,TVeriUYfPKSDhNMoPDwJCEYN9vJL5cXER9
769,TWhTaqzQGqG1QmHRqFyod2M1UsYBiqJYAT
770,TM8txnHEs9QEHNpsmBszJp2uAtVJZvfsdM
771,TTKdu2mU71bUiGb9bCb7AHB8JaQ7FYyb9H
772,TPcB8Jk3eUKGMRT5DvS7fdABk1oJdE3YDk
773,TVMTHckvaQo2uNLuyvgLwdUopaQbJJ8NFp
774,TNYV7G38KNVKM3VcKNQP9spgMTtwv2kh3C
775,TMKRL6vdmBTagWMYjju7GyXJMfpjqtbUKj
776,TGu3sCQCteC25Mvs2Rdn4FbZENfmWTiBFA
777,TLrcGBahu9Pr66mEaETHiGC9GECrJWVM3p
778,TJvAnniPx9PYBzYAbgFVMac3ftBKjq6pyY
779,TDAuxqUTyRnrKaFb4XcJmWs9WCTuzV2ZGP
780,TKiAiwfgwoJLz3FT6Lbky9rm9ricuARNqG
781,TFydJUNqD9N3iaZg8Wo53r9AmFAgEYPxdU
782,TDz7rDd6DD4ALEYgZXmxBf4bPQ4PU2hEcA
783,TMo1SutT4bLY5RjT4thdZk3Te7sEW1sbdV
784,TY3VrKTp6ZWFbfbMoEeYowVNQnToAsztqH
785,TXTb31NK4rAULYWf1W1fC4eMuCaLkmvyM6
786,TAEtFUPq7dZAGHGiRtAQp4s5e1auzCTKGG
787,TNgGdJ3XjEDphBNVj9swcksynMtvCex5U3
788,TGUq5fDsZvdZkyFmahFVW4xXG4CJhP7f9L
789,TDB6W8dUxgTNQ9LR4Z3VXKsjpsMAvfykbg
790,TVJTQ4NB7RhtktPRrXagH4n8fCJ8arEzzX
791,TKdyDv5A2foKZ8cAs8jwC8xPPSVkZFLdsA
792,TL3btE69xenDmgXLGB1cj7RLeBhiRzdbu9
793,TStRjSr4ykeSvsECsexcN5mdnQ3zj14rQ8
794,TFEK7kvaPD6dUWEghkgegzNofsTSYQs2Hn
795,TScWjjp8m87M2eyiHS7TvFjVxHRQBpNgGc
796,TWJ7WKiC9PNnDAN2dibCtx4ZfD5wCN6gNg
797,TMHnysG7tWj5gTGhYtGBdYtrxXRDwFpQDC
798,TBdEgeCyp8vTgz2W4oBFkxHtruxmNuKS9r
799,TMECPVaR9sb5LHfU8V6CqD3Jj4r7n9XRfN
800,TLvPg4fmyU9Phey177ZPCgAFLZT2nqi4CG
801,TGUBwxbPMCbYs9pbftmSxDiX5dEs2S7EtS
802,TERTokumUzGutW4NhDLp3cLnZWXSn3iMru
803,TSLR6XGcvGCykBPEFSeBgb1wCkDJ9h5p7P
804,TULwhPse7ZNXLLZkDKfXVFcR1E1dvMV1en
805,TXgdyTm1RJozo1q2aezxRhmpoANJmDZvso
806,TBCRC8YLLAybh45rVzfyB58oyv4vgWWffM
807,TBaq9Cub4GwHGiw5odHuVnA68ZKmQGCYRy
808,TMEqUnY4tdkjntR9GAraMQTC7jpnkYoD6z
809,TWZM5FoxFEzMMufMnjntG7QhisbX7Yx5tj
810,TMpAWGmJMT5k4P8ZLqZdqg8AbbpWKWrPbC
811,TXMzpYqqg5g5HVoca8ArozXhE9ACqQzmLy
812,TYs6hyrXvB4MsQNjPEHV4yXoTjqNq2usmH
813,TPbE5QEoHqoU78peW7UwHKryeuVn4yeSox
814,TLi573NnktbjXaitJaLeYr77CcmtR9o5M5
815,TDwigS5KhQwq9ddK89Bive1nyqm2KCHo75
816,TQ5njjMquK4xQ9aDvHnMyJWc81EjZwpgzb
817,TMUqsBzi93wgM4wCdNmhvV46XTUCaCxz4o
818,TFeqFm7J7vak6m7qkEQPWQVq7vg1jqvXdb
819,TJr4iAtm4ZUx3ysrQUbdJU7UrTyikKdAnu
820,THY7NHddj8suHBR2mioHR9VRtFX3KaYPT1
821,TS93H1Ww3rtZLVXLfpQ2bSsnLWNN4Mmjbt
822,TUiwxZkaGVNNHH8vwBM772ro1qvSNNqyjF
823,TGe3uptyGhAizUfnuWtBKvues3SyAc7YdB
824,TFfqSaQjGPy98BJ2iTWqEwKwXfXCSPMoG8
825,TLUBu4vraF1bPKPN9J53oQsMxKKHBt9eh1
826,TVWSzDf7hzczJauhHydVvj4X7jKfNYaxkW
827,TZAurd3wFgh79emc37ezsZpa5pux3LyVzQ
828,TFxL5jyD9dA1nPfrCBnobdYqLQaBXmiCj3
829,TDqCAizweH6bGQHzQXdCZXrDbNZ8f5dqiH
830,TFP2crXznwFd3xbFegvTcJaEAzi8mJWCep
831,TBPfmzAG2B79RLeGYkzCwNEvHPEfhbXepQ
832,TGRTEbqNwcxY7kjDDu9oQfg9fh9PTjWWaW
833,TNd7CUC7XYBCkRuveJ7KPh9KPZzJ4Uv89M
834,TBF99vvE7JPtFVafzkiSXBUgjTNjjTKY6x
835,TC7ZfuEohM6nVTXVhdqV2BpM4NJm3DYiNo
836,TXcgiprAg7RDxKngXG2xr1GiNeJSdYhJKb
837,TYMgCtX83HsiCKDGiCNJrE3zBVcmjYLgpd
838,TWPThKVWGzdy8UNTZraj8BN8hJispwKNUC
839,TZCwhjvCf7XFBYXk8B57rvASXPjMKviL3K
840,TRYLFkfsCYcHwDekf1eDYqeRdFS1eYdiWi
841,TXPMPfUjpqobJEVbpzKMPcbe8qXdqskpiX
842,TSnD4FmwEsSGUnfSsK4qabev8XPVZFeWFL
843,TJM4YcZ6oNCsgdkYMnyTUP5oUhWixoSkjY
844,TSzm9khkYbKXPimwBbBGQhzxyzPnmKkG8m
845,TDJyNDYCuDE2Y7vgZr9cFGyDStShXY5xgL
846,TTQvMPdgMCwoBU4wuuXck4oc4GTFBQ6n8P
847,TBXQGsbTvCErhPZq9DcjSNmUEJtjZeZuN7
848,TVQUWMUA1itfdndrTyEKhCJSQsChuukrRD
849,TB6pwkg7JGQmQhKQXCovrnpq6ed6ig7msr
850,TMoDiD8s3Uaoit542dZcrDX9iyL69aU9Di
851,TCEtrE6u9kFRrBZHCPiqk2NSBV95L16vGs
852,TBkhpauoJD23abbvvPx5fi25jnUL5zsLfi
853,TJJhECuiU2ZRZLpxhvo6vE6veWv2ttHvn4
854,TDRQFahihWja5uQC6R5CZu7SkZiA95xXeF
855,TY36bx1FWJghbh1PeUi19UE2oaqdPoZzwt
856,TTMP8otqhZ8X1SKhHBDYym38sBhKy2V21i
857,TFDHduCcVji7kXyhj6ESjzBXvRvA3ti57H
858,TGagG7XbkWUkvYEjk4wLvR7pg2tey2F9AH
859,TXJTfuQBz78cGFQkfJBtLkKjE7i5ychtSi
860,TFcV1UH9xY3QWSxDQMZ3gGPY9rcJps3RMK
861,TLVQqbNFFLinHPkXUUnvJ6JhbhxsEVGyHT
862,THdsSDcTvkZRMKyWS3TTb8jdJ2ojpxwjYW
863,TDRMfgmF7ARQ6LMo2qH2HKUpCVbJ1L91WD
864,TDgCwWaqQwtK8ukuyHhQkHL9V4yEn6oPmF
865,TDnxzAZ4zNrDXDriNDkFmWV34wJVMrDmdp
866,TZCivEHUcRVHJZ8Ve4gMANT7VXeuwZcXu3
867,TMgZ2hT9T5dNoW3R8QScB6ExJ6HEyLoteW
868,TH8jjYipWwRdvypgmuLLMJPqwfnxtM8f82
869,TBcdhgizPG788FFbbuPawPuuiKXVR7cAM4
870,TQfQEeUZFsiMt224LzV7J2m9aDTaqdh7LD
871,TWbUytb5bMZLpKAroxrrTc97PeceNMarBN
872,THe9JyAQkaKuZcvfbcQdQUyn7D8EUj5pqH
873,TYb9gzBqmUtim6Ss4UP37M6VSQa6Cbuxh2
874,TFLVeQquBZEP7LtaDs8oQ91fSFBXhRmjj4
875,TYVQmwNaTrDA7f2V6Xi7DUyRpTweJqVr8Q
876,TVXcRxP1UxjPm3Jsu7VLBZUkGJXJDewKws
877,TBP2aZo7RkhFr88hDnDUY48sFuLHDcMoaF
878,TCiy9iV37iVrfBGt5fb91XXyABGpQMuQot
879,TLHMgz59muvAzkpor9hRhJYE7mP5LK9fs9
880,TSJPFceuCymPqy6566GzLvM79NHWbBtkKu
881,TUf5kZ5nm3ZHzPKGqcYHWkzRarn761wvmU
882,TF6UNBH13cBiJzc4hevHCMqWiJjtd2S2Wy
883,TS7Hj7k27q1Fs7MYkuG5S3WTm47TSVyaHJ
884,TA8H7ADPjxRDMSV37eLVasCYJW9KyU8PtV
885,TBMogTYBsBQpGvvxGbMhcnzgtPoAmY2h4e
886,TAM1obuGZmvDRGhdYgFhpexscP8JEPFPjc
887,TUECpuaZizyPhimDj8AEANXWcPrD44umEK
888,TC8me7vnQNv8tiZHmRGFPMXYVgviZC6yJs
889,TL6UcRhfo58KnNTTxgPAMydWtMJNUqNNZT
890,TVFTRSJ8fAFdkfvdrq7TgaPpM5U48rZb6v
891,TPYkSLAcLo3xMXrmFvMXaWDwFw3BcsHEj9
892,TUHNJVNqmXDrW5cv1JBoW6HkLhQ36JKvPe
893,TSABMni6NGDZCecTZon5jAMewTTsdXTCPS
894,TQmgS7B958cwvwhwNqSNYWaDooTjVD6RvP
895,TBStd4Z4Zo6242afmgUHSCMYSj54QS8qnt
896,TNKQAnqYK5DRCL8AYYwWGfwSFwVSzoeN9i
897,TLZLJPYQpAeevU9L7NYudkB8AEVnD8Vstu
898,TP1FnsJJJLFh3emCPURV3ZMujj2Meqp6ek
899,TXLCdb5J8QYGwWDCxJ6iCiF2kvgZ8TSPj3
900,TGfJFWqk2PKn8Jc4i3NPv48sGUm3MKqQFB
901,TAZu9kyNqvhqHrtH27z1N3eQbSxcpWJXaW
902,TTeS7SmuNBvsFy478LuFygikYnQVGgQQ8w
903,TDi2Gum1HtgYn7cmYYwML7vfwLJ3B7ktJH
904,TDXAQEBAGYZgvPcXhiqtvuBWSD2piLE1qn
905,TUa5BedP1M95KdtjaaocRg7UEHrimG9yvE
906,TCy8qNFLuuosNChVGumYtAKDNSDM18rot1
907,TY8GQMuQUV5rH6odomY7KD3dGV5TQX7tGt
908,TXBYCc4UwEafhfJvzUT8aVnDBMTadBnscS
909,TMDrezcvLM385uMN4BbWPdLXrCq3nqUszb
910,TAQxWPfBUT1wXTvrA3yDPbroBxV3jcPmm7
911,TLJtNjX1cHP2Dsxr3zyRHggfXi3XfVK7Ka
912,TLZoS6K2ENd3Fp6uhhm8bzY3wcJCRhAq57
913,TJ9sMCTGSTjk9WHzB1qMaWAiJ9o1PdixRs
914,TRs3LjWsVZkRsxf32h4Qq8agQhbB5PXtZ1
915,TE8kopNFotxiLwQYbXEWH6b62Ms8t95dPo
916,TQbhc1VybDXP1xkitfoumFFPaWpkxawsYb
917,TDjevPCKND71LbvWzquAnwSRS21mME69mi
918,TTkgXsFzSJNXzhxuHUJTLKGqS3Cj52cHKy
919,TLFGYEzwG34XGq9RZPw231qCTtsDsCy4UZ
920,THpFc1rpTVbo9EazdzqRcmTsGBRLQyJgkv
921,TKvUDbsDgmiLyvDnMcTUy4gARnTPZ25Uwq
922,TAEUFENFemAuicfxAnbfxPzdWTA1h3HoWG
923,TUhMePUEVYsbhemyqTrNzPCWdvEsbHKVoN
924,TAqK12hG3JJwDr11T2HCfU2PVtThfFoJrC
925,TPmUCpqjgPYrhzFfVfPGYztCFmkb2yoeeP
926,TMhARxtfu3nJWVBa2RER1eS4zLXEF9C6m8
927,TVwmrSe7xd2ALYGsNZ4j3aFppBYFdKqmuY
928,TNQLCvr78qzdZEaMznBYjVagJngYbvJQ1o
929,TJsJsRUgrMtbSFEE93xr1EA2RzCkTX4MCi
930,TPJE1XNcxDYfXBu1QSBTbu6EJz2YNZHqmS
931,TFbrQag3df5BLa2enaH1z5DNfnL4DVPEYW
932,TJ2ZCqZM714eGiUSH4UWJFxwbaf3neimYF
933,TPXpzFt3FKaR869ETtkN5Wa3FpeP6XcUMx
934,TP74RkS5PeZ6HC6K77ydroR1wATAeMVGPB
935,TYRcL4wx2K5NCaHQwNsgoXabkUiNkce3QH
936,TQoy4m72BEkLCddmtMFVM7g8t1QziqEZkH
937,TJhcLdyY8ZX84j7Vyjo3q9851PDdoah5yE
938,TUk28CzgnCy73YNGVFcsaK2jU9hRimxoUD
939,TMo4v2J3yFbMLYqWiJWrc2UMwTNG1GrtRE
940,TRprKG6Aomj3CEjyD4RguevLxqgWP139Eh
941,TW34xJ4NRVUfCkNdND6qUWEnyTBWkkiTkK
942,TJMBmhAH6w4KxpcPSFmubDCeqrTun8dB3e
943,TDtTqKAgYLqtyP5nC9vopuJbCK35PU1eBq
944,TCLs9p973FP8xWEcEqExQdRcspEATcECM5
945,TYqC1uoWZ3w6Kkx865zXoRcHD4gH2AqFyH
946,TNsLJLCxGQaQRzqdmVaemYQwuwVtN8wxCs
947,TCNceRiD167DDj5mtVDghTUZwkTmETG6Es
948,TWwpkmqgmJjS4o7myz7JtNgdKYXKquMT9e
949,TDVJFyyLZRSJtY8yVZarcYnyi26MphNK6U
950,TQ9uGvF1YdNeTFCpqktaxcY8LQsX4iZGdQ
951,TYjMcU2J4Xsr3phJ1zGDrWiyB4o8vjbHzW
952,TKe5LjZDpqFv4pfp9T4bNj4pGu5MztR19F
953,TRxVnpRLm9f6kP9f9qYwHSAzTt3T5448Sc
954,TPTsRkCkcn6AafU5Lx4FkZLG1fQkpCYQre
955,TRktDxUCYnidqEQ5b6LBih6BC2ktj9HQpQ
956,TB4QM2NE5wdz7uMoyi8DWs9rLkeEsfXHYf
957,TM9Ucz9easfiTBfrunz6hD6E1Dqp4axjR8
958,TTH65EUnSWyKSi5nNj8GUBcY5bJU3tm8PF
959,TM2sveiYePWVMxcShUVhMEEJ3SHrp2bRcB
960,TPTV29vSaGbPZtGoD6bzQBSJjoFG92feDL
961,TRhR75RXsWMsWxJ8MuGYz8pw6fGd7QcXYE
962,TGRXGLu8qegnbfZspsGor2E9jV8XRgq4eh
963,TKCAJMpiyY6vb6nfcfQdpZ25dL4HGXCqYN
964,TMxgVxsC4pRFUXN5AA67MPN8SzoyJLqisN
965,TK9MXsS7QhKHGCeEW2hZC16ECkbsbusWDS
966,TQwbeVVVBatLvdg9zh5pvBaNu2NrmVs8Xn
967,TYFLB7ZBU3tM2uqBHtKJfmRMFAx22UWjxq
968,TKAKeNodh5ncHHv658vZdk5mFuodxy2F9y
969,TBCb9abVcvtCrLy1dAUSBqwrpFvB35ofww
970,TM2ZxDp3eZ44mFor9nnjYCbHU647yZ45JP
971,TQqcbxyn5NJbXDqPBEVcJypaE2a8W7qqAv
972,TUHPEVDksVLKJnDEZMAuG6A27RfLgBPaFG
973,TMxHH9e48Wjz6mPZHLfEMhEHx8uHjjHZxo
974,TXysa8Zp4Z4Pp5g55UPbQpQFdRVdxF2Evp
975,THtXaVxdQZAhsga5iUTSWH4TytNxWwd49N
976,TGejzDygGYvoFDXJ5xCpye8xY2UUKdMaiA
977,TKHYtAiVA83WYML7W8djLDB5midNNxLFjS
978,TSRKSnBnbdtrJ9S5vTXcaYCtjp7eHhxfEe
979,TBKL36phgFLveVG6MptB8BPFpJJfsv2aAa
980,TJ4SjfyAAAiwPtvrVBkP8oqBkmo9aWzjVU
981,TJY7z88Nkx5rQBDhWZ1e91rnimzWshGCQR
982,TSNUxkRW1BAtYg7fXwtrceYCPaUHtNaiEx
983,TJjG9EWWauD1mrsnLm2FwLFKeZq9MHwkRC
984,TGa63waj3Axspd6aydDnz7m368RuKdbdFd
985,TLP7x8EQEDEj7DFjUttLEfZhpJQmkUsmNK
986,TLrxFM8wTExTgH5oAkojNJiX4d2kJED1VK
987,TYkuMoUaCj7Wtrxnnrfou8Qhm9CztAMLY5
988,TW1Ujggwm8ywrL5dbwVSf1KSoXpjoydkP1
989,TVhPx82tji9fiiKC8uvHcrrANWShyCyau4
990,TRHrPu5AsAhuP6BjVghXSnfMs4bfh6d4Cv
991,TTvLoy1EcYZ7Nf3bDyF4wUzphmfAZmAfWU
992,TSrkUUEYBfXU7HeEPahByb8dHMPhQUQd5Z
993,TBLJuMcrKBkgXPcfDt3ZjkqDPja4KFFYro
994,TYiK3fL4M7qp5GnF3seqM2amcZyPygshPV
995,TXt9Jx8AZB2GoK1K5dokY3we5ziWtnGBNj
996,TNfREf4RLMirpdf17Ac5Hrb46ZzjLEtk5v
997,TYWowUVz1npgYGrK4PFeFHJwddtTxYFkZf
998,TAJAfqk82Kov5WAR8iwPHmaAytCoppU31K
999,TFRjNuXCquZKyY5n3J3pqHRHYkXEE7EjAK
1000,TWcs5YYHPV3jPz2bEZWCBiKqRNEWEtecZh
